"","",""
"User_943","Accumanst@gmail.com",""
"User_908","Advismowr@mail.ru",""
"User_962","Anachso@ukr.net",""
"User_973","Antecia@inbox.ru",""
"User_902","Balliaryva@ukr.net",""
"User_976","Bigbytech@rambler.ru",""
"User_955","Billionon@rambler.ru",""
"User_992","BloggerJan@yahoo",""
"User_978","Blueterva@ya.ru",""
"User_939","Bootrasync@ukr.net",""
"User_974","Borgueriac@ukr.net",""
"User_983","Boxfixiteicloud.com",""
"User_932","BraceWalker@bk.ru",""
"User_903","Bradleyerat@rambler.ru",""
"User_954","BullSpice@ukr.net",""
"User_918","ByteTale@gmail.com",""
"User_906","CapoGrand@rambler.ru",""
"User_941","Cavotin@bk.ru",""
"User_917","Chapterpl@yahoo.com",""
"User_947","Chicapplin@gmail.com",""
"User_919","Chikkaverle@icloud.com",""
"User_1000","Cincomphite@mail.ru",""
"User_998","Decitere@mail.ru",""
"User_949","DirtyChiri@ya.ru",""
"User_946","Ever2free@inbox.ru",""
"User_938","Exploator@ukr.net",""
"User_934","EyesRae@inbox.ru",""
"User_916","Fainvenu@icloud.com",""
"User_989","FestiveAway@inbox.ru",""
"User_935","Foreveracis@rambler.ru",""
"User_966","ForlifeLatest@yahoo.com",""
"User_928","FraserBlue@mail.ru",""
"User_985","Freenson@inbox.ru",""
"User_960","GazetteWas@yandex.ru",""
"User_950","GlitzDas@yahoo.com",""
"User_910","Gloxixir@ya.ru",""
"User_977","Goriness@rambler.ru",""
"User_961","Granilabe@inbox.ru",""
"User_967","Grundymeat@ya.ru",""
"User_972","Haystenvi@yandex.ru",""
"User_957","Hetstact@yandex.ru",""
"User_993","Hostener@gmail.com",""
"User_991","",""
"User_911","Infernody@ya.ru",""
"User_931","Inserex@inbox.ru",""
"User_980","Jectiolo@gmail.com",""
"User_952","JimGlitz@ya.ru",""
"User_990","Kalismed@bk.ru",""
"User_912","Kenjinxte@rambler.ru",""
"User_913","Kinkenbo@mail.ru",""
"User_984","Kittysineos@rambler.ru",""
"User_969","Knightstra@icloud.com",""
"User_904","Kryptoburs@yahoo.com",""
"User_953","Lassour@ukr.net",""
"User_995","Latinarysa@rambler.ru",""
"User_951","Lessomaire@rambler.ru",""
"User_900","Lipsxiptp@yahoo.com",""
"User_930","Loqutio@yandex.ru",""
"User_922","Lyfernozoi@inbox.ru",""
"User_926","Magazineli@ya.ru",""
"User_982","Magazinetc@yahoo.com",""
"User_942","Mailitry@ya.ru",""
"User_958","Manionoe@ukr.net",""
"User_975","MediaLead@rambler.ru",""
"User_933","MoPoet@yahoo.com",""
"User_987","Muchiple@yahoo.com",""
"User_920","NumClear@bk.ru",""
"User_964","NumTrendy@mail.ru",""
"User_937","Paleoso@ukr.net",""
"User_927","Paviatery@ukr.net",""
"User_936","Peytzke@mail.ru",""
"User_905","Pinkelysi@ya.ru",""
"User_986","PleasantKeeper@ukr.net",""
"User_915","PongCute@mail.ru",""
"User_997","Prestigenp@inbox.ru",""
"User_971","PricelessJuz@rambler.ru",""
"User_909","Prinesbr@bk.ru",""
"User_963","RosesTight@gmail.com",""
"User_948","Roycess@rambler.ru",""
"User_914","Sandpoist@gmail.com",""
"User_968","Schwire@bk.ru",""
"User_944","Seenomvura@yahoo.com",""
"User_924","ShardDivision@icloud.com",""
"User_925","Sianscot@yandex.ru",""
"User_940","Somberyant@mail.ru",""
"User_988","SpyderSpin@bk.ru",""
"User_999","Stacile@yahoo.com",""
"User_981","Stargalux@gmail.com",""
"User_923","Styledget@rambler.ru",""
"User_945","Sumollerno@inbox.ru",""
"User_979","SupremeSynchro@rambler.ru",""
"User_994","Therick@yahoo.com",""
"User_929","Topictition@rambler.ru",""
"User_907","Transky@yandex.ru",""
"User_996","Trantawe@yandex.ru",""
"User_959","UpdatesCurious@yahoo.com",""
"User_901","V2artierso@mail.ru",""
"User_970","Vashoterlo@bk.ru",""
"User_965","Visuareda@yahoo.com",""
"User_921","Aavast@ya.ru",""
